--
-- PostgreSQL database dump
--

-- Dumped from database version 15.8
-- Dumped by pg_dump version 17.4

SET client_encoding = 'UTF8';
SET standard_conforming_strings = on;
SELECT pg_catalog.set_config('search_path', '', false);
SET check_function_bodies = false;
SET xmloption = content;
SET client_min_messages = warning;
SET row_security = off;

--
-- Data for Name: categories; Type: TABLE DATA; Schema: public; Owner: postgres
--

INSERT INTO public.categories (id, name, parent_id, created_at, images, search_vector, slug, pinned) VALUES ('11d75d71-885c-46e9-8ff7-f0dcc1f0b2e7', 'Bath & Body', NULL, '2025-04-30 01:49:10.104646+00', '{http://localhost:54321/storage/v1/object/public/product-images/Bath_&_Body_27106_pexels-sora-shimazaki-5938592.jpg}', '''bath'':1 ''bodi'':2', 'bath-and-body', true);
INSERT INTO public.categories (id, name, parent_id, created_at, images, search_vector, slug, pinned) VALUES ('9bc08729-dece-4d72-8287-9e007fdda875', 'Face', NULL, '2025-04-30 01:50:05.463886+00', '{http://localhost:54321/storage/v1/object/public/product-images/Face_00565_pexels-cottonbro-6635922.jpg}', '''face'':1', 'face', true);
INSERT INTO public.categories (id, name, parent_id, created_at, images, search_vector, slug, pinned) VALUES ('e6062b7f-1baf-45b4-8d75-511d2481a5b4', 'Sun Care', '9bc08729-dece-4d72-8287-9e007fdda875', '2025-04-30 02:07:38.901632+00', '{http://localhost:54321/storage/v1/object/public/product-images/Sun_Care_52955_pexels-mikhail-nilov-8157363.jpg}', '''care'':2 ''sun'':1', 'sun-care', true);
INSERT INTO public.categories (id, name, parent_id, created_at, images, search_vector, slug, pinned) VALUES ('15d5199a-892e-49f5-bc74-3c8b2457cf07', 'Shop By Brand', NULL, '2025-04-30 02:21:04.592621+00', '{}', '''brand'':3 ''shop'':1', 'shop-by-brand', false);
INSERT INTO public.categories (id, name, parent_id, created_at, images, search_vector, slug, pinned) VALUES ('683559f6-8289-4616-9336-ed05c20bb0cd', 'Sunscreen', NULL, '2025-04-30 04:13:11.361118+00', '{}', '''sunscreen'':1', 'sunscreen', false);
INSERT INTO public.categories (id, name, parent_id, created_at, images, search_vector, slug, pinned) VALUES ('e85520ce-822d-4aba-8645-4f3c4d64dfa2', 'Specific Concern', NULL, '2025-04-30 02:15:27.593578+00', '{}', '''concern'':2 ''specif'':1', 'specific-concern', false);


--
-- Data for Name: products; Type: TABLE DATA; Schema: public; Owner: postgres
--

INSERT INTO public.products (id, name, description, price, image_url, stock_quantity, is_active, is_bestseller, created_at, slug, short_description, updated_at, compare_price, search_vector, additional_details, color) VALUES ('15073dcc-8d6b-4ae5-9e3d-41b5855ea45d', 'vaseline intensive care cocoa radiant body oil', '<p><span style="color: rgb(26, 28, 30); font-size: 14px">Unlock healthy, glowing skin with Vaseline Intensive Care Cocoa Radiant Body Oil. This unique body oil gel formula, infused with 100% pure Cocoa Butter and replenishing oils, provides deep moisture without a greasy feel. It absorbs quickly to revitalize dull, dry skin, leaving it feeling soft, smooth, and visibly radiant. Perfect for daily use after a shower or bath to lock in moisture.</span></p>', 200, '{http://localhost:54321/storage/v1/object/public/product-images/Vaseline_Intensive_Care_Cocoa_Radiant_Body_Oil_15400_WhatsApp_Image_2025-04-23_at_12.37.51_2ecdf199.jpg}', 10, true, false, '2025-04-30 05:03:19.63637+00', 'vaseline-intensive-care-cocoa-radiant-body-oil', '<p><span style="color: rgb(26, 28, 30); font-size: 14px">Vaseline body oil gel with Cocoa Butter for moisturizing and radiant skin.</span></p>', '2025-04-30 05:19:20.894181+00', NULL, '''100'':40 ''absorb'':55 ''bath'':78 ''bodi'':6,9,30,34 ''butter'':14,43 ''care'':3,27 ''cocoa'':4,13,28,42 ''daili'':72 ''deep'':48 ''dri'':60 ''dull'':59 ''feel'':53,64 ''formula'':37 ''gel'':11,36 ''glow'':22 ''greasi'':52 ''healthi'':21 ''infus'':38 ''intens'':2,26 ''leav'':62 ''lock'':80 ''moistur'':16,49,82 ''oil'':7,10,31,35,46 ''perfect'':70 ''provid'':47 ''pure'':41 ''quick'':56 ''radiant'':5,18,29,69 ''replenish'':45 ''revit'':58 ''shower'':76 ''skin'':19,23,61 ''smooth'':66 ''soft'':65 ''uniqu'':33 ''unlock'':20 ''use'':73 ''vaselin'':1,8,25 ''visibl'':68 ''without'':50', '[{"key": "Size", "value": "6.8 FL OZ (200mL)"}, {"key": "Key Ingredient", "value": "Pure Cocoa Butter"}]', '{}');
INSERT INTO public.products (id, name, description, price, image_url, stock_quantity, is_active, is_bestseller, created_at, slug, short_description, updated_at, compare_price, search_vector, additional_details, color) VALUES ('c4a843c8-bb71-44a9-832f-6cdc6b6f9e22', 'kojie san skin lightening soap (classic)', '<p><span style="color: rgb(26, 28, 30); font-size: 14px">Achieve a lighter and more even skin tone with the original Kojie San Skin Lightening Soap. Formulated with Kojic Acid, traditionally used for its skin lightening properties, this soap helps reduce the appearance of dark spots, age spots, and hyperpigmentation caused by sun exposure. Its "Zero Pigment Light" technology aims for a clearer complexion. Use regularly for best results, ensuring to moisturize after use as Kojic Acid can be drying.</span></p>', 200, '{http://localhost:54321/storage/v1/object/public/product-images/Kojie_San_Skin_Lightening_Soap_(Classic)_45905_WhatsApp_Image_2025-04-23_at_12.37.51_5190525a.jpg,http://localhost:54321/storage/v1/object/public/product-images/kojie_san_skin_lightening_soap_(classic)_24917_WhatsApp_Image_2025-04-23_at_12.37.51_b89420de.jpg}', 10, true, true, '2025-04-30 04:52:00.944641+00', 'kojie-san-skin-lightening-soap-classic', '<p><span style="color: rgb(26, 28, 30); font-size: 14px">Kojie San classic Kojic Acid soap designed for skin lightening and even tone.</span></p>', '2025-04-30 05:19:20.894181+00', NULL, '''achiev'':20 ''acid'':11,39,86 ''age'':56 ''aim'':69 ''appear'':52 ''best'':77 ''caus'':60 ''classic'':6,9 ''clearer'':72 ''complexion'':73 ''dark'':54 ''design'':13 ''dri'':89 ''ensur'':79 ''even'':18,25 ''exposur'':63 ''formul'':36 ''help'':49 ''hyperpigment'':59 ''koji'':1,7,31 ''kojic'':10,38,85 ''light'':67 ''lighten'':4,16,34,45 ''lighter'':22 ''moistur'':81 ''origin'':30 ''pigment'':66 ''properti'':46 ''reduc'':50 ''regular'':75 ''result'':78 ''san'':2,8,32 ''skin'':3,15,26,33,44 ''soap'':5,12,35,48 ''spot'':55,57 ''sun'':62 ''technolog'':68 ''tone'':19,27 ''tradit'':40 ''use'':41,74,83 ''zero'':65', '[{"key": "Item", "value": "3-Bar Pack (as pictured)"}, {"key": "Key Ingredient", "value": "Kojic Acid"}]', '{}');
INSERT INTO public.products (id, name, description, price, image_url, stock_quantity, is_active, is_bestseller, created_at, slug, short_description, updated_at, compare_price, search_vector, additional_details, color) VALUES ('c701c658-5f86-46b4-8b16-c18cef849cab', 'olay cleansing & brightening body wash (b3 + vitamin c)', '<p><span style="color: rgb(26, 28, 30); font-size: 14px">Experience radiant skin with Olay Cleansing &amp; Brightening Body Wash. Infused with Olay''s Vitamin B3 Complex (Niacinamide) and the antioxidant power of Vitamin C, this formula cleanses away impurities while working to brighten your skin tone over time. It leaves your skin feeling refreshed, soft, and looking more luminous. Incorporate it into your daily shower routine for healthier-looking, glowing skin.</span></p>', 280, '{http://localhost:54321/storage/v1/object/public/product-images/Olay_Cleansing_&_Brightening_Body_Wash_(B3_+_Vitamin_C)_84561_WhatsApp_Image_2025-04-23_at_12.37.51_bc06a3c0.jpg}', 10, true, false, '2025-04-30 17:45:19.956969+00', 'olay-cleansing-and-brightening-body-wash-b3-vitamin-c', '<p><span style="color: rgb(26, 28, 30); font-size: 14px">Olay body wash with Vitamin B3 and C for cleansing and visibly brighter skin.</span></p>', '2025-04-30 17:45:19.956969+00', 300, '''antioxid'':42 ''away'':50 ''b3'':6,14,37 ''bodi'':4,10,30 ''brighten'':3,29,55 ''brighter'':21 ''c'':8,16,46 ''cleans'':2,18,28,49 ''complex'':38 ''daili'':76 ''experi'':23 ''feel'':65 ''formula'':48 ''glow'':83 ''healthier'':81 ''healthier-look'':80 ''impur'':51 ''incorpor'':72 ''infus'':32 ''leav'':62 ''look'':69,82 ''lumin'':71 ''niacinamid'':39 ''olay'':1,9,27,34 ''power'':43 ''radiant'':24 ''refresh'':66 ''routin'':78 ''shower'':77 ''skin'':22,25,57,64,84 ''soft'':67 ''time'':60 ''tone'':58 ''visibl'':20 ''vitamin'':7,13,36,45 ''wash'':5,11,31 ''work'':53', '[{"key": "Size", "value": "17.9 FL OZ (530mL)"}, {"key": "Key Ingredient", "value": "Vitamin B3 (Niacinamide), Vitamin C"}]', '{}');
INSERT INTO public.products (id, name, description, price, image_url, stock_quantity, is_active, is_bestseller, created_at, slug, short_description, updated_at, compare_price, search_vector, additional_details, color) VALUES ('4f6ec46b-417b-4acc-b0a8-2a4e1b17fc93', 'olay cleansing & renewing nighttime body wash (b3 + retinol)', '<p><span style="color: rgb(26, 28, 30); font-size: 14px">Renew your skin while you sleep with Olay Cleansing &amp; Renewing Nighttime Body Wash. This specialized formula combines Vitamin B3 Complex (Niacinamide) with Retinol, known for its skin renewal properties. It cleanses effectively while working overnight to improve skin texture and promote a more youthful appearance. Use nightly for skin that feels smoother and revitalized each morning.</span></p>', 300, '{http://localhost:54321/storage/v1/object/public/product-images/Olay_Cleansing_&_Renewing_Nighttime_Body_Wash_(B3_+_Retinol)_08561_WhatsApp_Image_2025-04-23_at_12.37.51_d3b3ad36.jpg}', 15, true, false, '2025-04-30 17:52:42.661489+00', 'olay-cleansing-and-renewing-nighttime-body-wash-b3-retinol', '<p><span style="color: rgb(26, 28, 30); font-size: 14px">Olay nighttime body wash with Vitamin B3 and Retinol to cleanse and renew skin.</span></p>', '2025-04-30 17:52:42.661489+00', NULL, '''appear'':67 ''b3'':7,15,41 ''bodi'':5,11,34 ''cleans'':2,19,31,53 ''combin'':39 ''complex'':42 ''effect'':54 ''feel'':73 ''formula'':38 ''improv'':59 ''known'':46 ''morn'':78 ''niacinamid'':43 ''night'':69 ''nighttim'':4,10,33 ''olay'':1,9,30 ''overnight'':57 ''promot'':63 ''properti'':51 ''renew'':3,21,23,32,50 ''retinol'':8,17,45 ''revit'':76 ''skin'':22,25,49,60,71 ''sleep'':28 ''smoother'':74 ''special'':37 ''textur'':61 ''use'':68 ''vitamin'':14,40 ''wash'':6,12,35 ''work'':56 ''youth'':66', '[{"key": "Size", "value": "17.9 FL OZ (530mL)"}, {"key": "Key Ingredient", "value": "Vitamin B3 (Niacinamide), Retinol "}]', '{}');
INSERT INTO public.products (id, name, description, price, image_url, stock_quantity, is_active, is_bestseller, created_at, slug, short_description, updated_at, compare_price, search_vector, additional_details, color) VALUES ('5bf2d4fd-8174-45a5-b3f8-83c9a8cd47d1', 'face facts bright + clear face cream', '<p><span style="color: rgb(26, 28, 30); font-size: 14px">Target dullness and imperfections with Face Facts Bright + Clear Face Cream. This vegan formula features a potent blend of Azelaic Acid, Kojic Acid, Niacinamide, and Tranexamic Acid. These ingredients work synergistically to brighten the complexion, reduce the appearance of dark spots and uneven tone, and promote clearer-looking skin. Use regularly for a more radiant and even complexion.</span></p>', 150, '{http://localhost:54321/storage/v1/object/public/product-images/Face_Facts_Bright_+_Clear_Face_Cream_46470_WhatsApp_Image_2025-04-23_at_12.37.50_d8b0a0b4.jpg}', 15, true, false, '2025-04-30 18:34:49.15042+00', 'face-facts-bright-clear-face-cream', '<p><span style="color: rgb(26, 28, 30); font-size: 14px">Face Facts vegan face cream with multiple acids for brighter, clearer skin.</span></p>', '2025-04-30 18:35:04.959892+00', 300, '''acid'':14,39,41,45 ''appear'':56 ''azela'':38 ''blend'':36 ''bright'':3,26 ''brighten'':51 ''brighter'':16 ''clear'':4,27 ''clearer'':17,66 ''clearer-look'':65 ''complexion'':53,77 ''cream'':6,11,29 ''dark'':58 ''dull'':20 ''even'':76 ''face'':1,5,7,10,24,28 ''fact'':2,8,25 ''featur'':33 ''formula'':32 ''imperfect'':22 ''ingredi'':47 ''kojic'':40 ''look'':67 ''multipl'':13 ''niacinamid'':42 ''potent'':35 ''promot'':64 ''radiant'':74 ''reduc'':54 ''regular'':70 ''skin'':18,68 ''spot'':59 ''synergist'':49 ''target'':19 ''tone'':62 ''tranexam'':44 ''uneven'':61 ''use'':69 ''vegan'':9,31 ''work'':48', '[{"key": "Size", "value": "75ml / 2.53 fl oz"}, {"key": "Key Ingredient", "value": "Azelaic Acid, Kojic Acid, Niacinamide, Tranexamic Acid"}, {"key": "Main Benefit", "value": "Brightening, Clarifying, Evening Skin Tone"}, {"key": "Attributes", "value": "Vegan"}]', '{}');
INSERT INTO public.products (id, name, description, price, image_url, stock_quantity, is_active, is_bestseller, created_at, slug, short_description, updated_at, compare_price, search_vector, additional_details, color) VALUES ('cd7eb853-a326-492d-a249-89105101f49b', 'a-ret gel 0.1% w/w (tretinoin gel usp 0.1%)', '<p><span style="color: rgb(26, 28, 30); font-size: 14px">A-Ret Gel contains Tretinoin 0.1% w/w (USP), a potent retinoid used primarily for treating acne vulgaris by promoting skin cell turnover and preventing clogged pores. It is also widely recognized for its anti-aging benefits, helping to reduce the appearance of fine lines, wrinkles, and skin discoloration with consistent use. </span><span><em>Note: This is a strong active ingredient. Use under medical guidance. May cause irritation, dryness, and sun sensitivity. Always use sunscreen.</em></span></p>', 150, '{http://localhost:54321/storage/v1/object/public/product-images/A-Ret_Gel_0.1_w/w_(Tretinoin_Gel_USP_0.1)_42249_WhatsApp_Image_2025-04-23_at_12.37.50_44ae83fd.jpg}', 4, true, false, '2025-04-30 18:49:39.449383+00', 'a-ret-gel-01percent-ww-tretinoin-gel-usp-01percent', '<p><span style="color: rgb(26, 28, 30); font-size: 14px">Prescription-strength Tretinoin Gel (0.1%) for treating acne and signs of aging.</span></p>', '2025-04-30 18:49:39.449383+00', 300, '''0.1'':5,10,16,30 ''a-ret'':1,24 ''acn'':19,40 ''activ'':82 ''age'':23,60 ''also'':53 ''alway'':95 ''anti'':59 ''anti-ag'':58 ''appear'':66 ''benefit'':61 ''caus'':89 ''cell'':45 ''clog'':49 ''consist'':75 ''contain'':28 ''discolor'':73 ''dryness'':91 ''fine'':68 ''gel'':4,8,15,27 ''guidanc'':87 ''help'':62 ''ingredi'':83 ''irrit'':90 ''line'':69 ''may'':88 ''medic'':86 ''note'':77 ''pore'':50 ''potent'':34 ''prescript'':12 ''prescription-strength'':11 ''prevent'':48 ''primarili'':37 ''promot'':43 ''recogn'':55 ''reduc'':64 ''ret'':3,26 ''retinoid'':35 ''sensit'':94 ''sign'':21 ''skin'':44,72 ''strength'':13 ''strong'':81 ''sun'':93 ''sunscreen'':97 ''treat'':18,39 ''tretinoin'':7,14,29 ''turnov'':46 ''use'':36,76,84,96 ''usp'':9,32 ''vulgari'':41 ''w/w'':6,31 ''wide'':54 ''wrinkl'':70', '[{"key": "Size", "value": "20g Tube"}, {"key": "Active Ingredient", "value": "Tretinoin 0.1% w/w (USP Grade) "}, {"key": "Main Benefit", "value": "Acne Treatment, Anti-Aging"}, {"key": "Caution", "value": "Prescription often required; high potential for irritation; requires careful introduction and sun protection."}]', '{}');
INSERT INTO public.products (id, name, description, price, image_url, stock_quantity, is_active, is_bestseller, created_at, slug, short_description, updated_at, compare_price, search_vector, additional_details, color) VALUES ('c1e48e02-0dc9-4664-b98f-40d398560ee5', 'olay retinol 24hr moisturizing body wash (larger size)', '<p><span style="color: rgb(26, 28, 30); font-size: 14px">Achieve visibly better skin in just 14 days with Olay Retinol 24HR Moisturizing Body Wash. This formula combines the renewing power of Retinol with Olay''s moisturizing ingredients to provide continuous 24-hour hydration. It works to improve skin texture, leaving it feeling smoother and looking more youthful. Renews skin with moisture for a healthier appearance.</span></p>', 350, '{http://localhost:54321/storage/v1/object/public/product-images/Olay_Retinol_24HR_Moisturizing_Body_Wash_Larger_Size_41565_WhatsApp_Image_2025-04-23_at_12.37.49_93ea14cf.jpg}', 4, true, false, '2025-04-30 19:20:03.246083+00', 'olay-retinol-24hr-moisturizing-body-wash-larger-size', '<p><span style="color: rgb(26, 28, 30); font-size: 14px">Olay body wash with Retinol for 24hr moisture and youthful-looking skin.</span></p>', '2025-04-30 19:20:03.246083+00', NULL, '''14'':28 ''24'':53 ''24hr'':3,15,33 ''achiev'':22 ''appear'':77 ''better'':24 ''bodi'':5,10,35 ''combin'':39 ''continu'':52 ''day'':29 ''feel'':64 ''formula'':38 ''healthier'':76 ''hour'':54 ''hydrat'':55 ''improv'':59 ''ingredi'':49 ''larger'':7 ''leav'':62 ''look'':20,67 ''moistur'':4,16,34,48,73 ''olay'':1,9,31,46 ''power'':42 ''provid'':51 ''renew'':41,70 ''retinol'':2,13,32,44 ''size'':8 ''skin'':21,25,60,71 ''smoother'':65 ''textur'':61 ''visibl'':23 ''wash'':6,11,36 ''work'':57 ''youth'':19,69 ''youthful-look'':18', '[{"key": "Size", "value": "20 FL OZ (591 mL)"}, {"key": "Key Ingredient", "value": "Retinol"}, {"key": "Main Benefit", "value": "Moisturization, Skin Renewal, Youthful Appearance "}, {"key": "Claim", "value": "Visibly Better Skin in 14 Days."}]', '{}');
INSERT INTO public.products (id, name, description, price, image_url, stock_quantity, is_active, is_bestseller, created_at, slug, short_description, updated_at, compare_price, search_vector, additional_details, color) VALUES ('79d5c90d-c103-436c-853d-1fd0c75854c4', 'nivea japan uv super water gel spf 50 pa+++', '<p><span style="color: rgb(26, 28, 30); font-size: 14px">Protect your skin daily with Nivea UV Super Water Gel SPF 50 PA+++ from Japan. This sunscreen offers high broad-spectrum protection against UVA and UVB rays in an incredibly lightweight, watery gel texture that feels like a toner ("化粧水感覚"). It absorbs quickly without stickiness, making it comfortable for face and body use. The convenient pump bottle makes application easy. Washes off easily with soap. Fragrance-free and colorant-free.</span></p>', 100, '{http://localhost:54321/storage/v1/object/public/product-images/Nivea_Japan_UV_Super_Water_Gel_SPF_50_PA_62462_WhatsApp_Image_2025-04-23_at_12.37.50_032843c7.jpg}', 6, true, false, '2025-04-30 19:40:49.430779+00', 'nivea-japan-uv-super-water-gel-spf-50-pa', '<p><span style="color: rgb(26, 28, 30); font-size: 14px">Nivea Japan lightweight water gel sunscreen with SPF 50 PA+++ protection.</span></p>', '2025-04-30 19:40:49.430779+00', NULL, '''50'':8,18,32 ''absorb'':63 ''applic'':80 ''bodi'':73 ''bottl'':78 ''broad'':41 ''broad-spectrum'':40 ''color'':92 ''colorant-fre'':91 ''comfort'':69 ''conveni'':76 ''daili'':24 ''easi'':81 ''easili'':84 ''face'':71 ''feel'':57 ''fragranc'':88 ''fragrance-fre'':87 ''free'':89,93 ''gel'':6,14,30,54 ''high'':39 ''incred'':51 ''japan'':2,11,35 ''lightweight'':12,52 ''like'':58 ''make'':67,79 ''nivea'':1,10,26 ''offer'':38 ''pa'':9,19,33 ''protect'':20,21,43 ''pump'':77 ''quick'':64 ''ray'':48 ''skin'':23 ''soap'':86 ''spectrum'':42 ''spf'':7,17,31 ''sticki'':66 ''sunscreen'':15,37 ''super'':4,28 ''textur'':55 ''toner'':60 ''use'':74 ''uv'':3,27 ''uva'':45 ''uvb'':47 ''wash'':82 ''water'':5,13,29 ''wateri'':53 ''without'':65 ''化粧水感覚'':61', '[{"key": "SPF", "value": "50"}, {"key": "Texture", "value": "Lightweight Water Gel"}, {"key": "Attributes", "value": " Fragrance-Free, Colorant-Free, Easily removable with soap."}]', '{}');


--
-- Data for Name: product_categories; Type: TABLE DATA; Schema: public; Owner: postgres
--

INSERT INTO public.product_categories (product_id, category_id) VALUES ('15073dcc-8d6b-4ae5-9e3d-41b5855ea45d', '11d75d71-885c-46e9-8ff7-f0dcc1f0b2e7');
INSERT INTO public.product_categories (product_id, category_id) VALUES ('c4a843c8-bb71-44a9-832f-6cdc6b6f9e22', '11d75d71-885c-46e9-8ff7-f0dcc1f0b2e7');
INSERT INTO public.product_categories (product_id, category_id) VALUES ('c701c658-5f86-46b4-8b16-c18cef849cab', '11d75d71-885c-46e9-8ff7-f0dcc1f0b2e7');
INSERT INTO public.product_categories (product_id, category_id) VALUES ('c701c658-5f86-46b4-8b16-c18cef849cab', '9bc08729-dece-4d72-8287-9e007fdda875');
INSERT INTO public.product_categories (product_id, category_id) VALUES ('4f6ec46b-417b-4acc-b0a8-2a4e1b17fc93', '11d75d71-885c-46e9-8ff7-f0dcc1f0b2e7');
INSERT INTO public.product_categories (product_id, category_id) VALUES ('4f6ec46b-417b-4acc-b0a8-2a4e1b17fc93', '9bc08729-dece-4d72-8287-9e007fdda875');
INSERT INTO public.product_categories (product_id, category_id) VALUES ('5bf2d4fd-8174-45a5-b3f8-83c9a8cd47d1', '9bc08729-dece-4d72-8287-9e007fdda875');
INSERT INTO public.product_categories (product_id, category_id) VALUES ('cd7eb853-a326-492d-a249-89105101f49b', '9bc08729-dece-4d72-8287-9e007fdda875');
INSERT INTO public.product_categories (product_id, category_id) VALUES ('cd7eb853-a326-492d-a249-89105101f49b', 'e85520ce-822d-4aba-8645-4f3c4d64dfa2');
INSERT INTO public.product_categories (product_id, category_id) VALUES ('c1e48e02-0dc9-4664-b98f-40d398560ee5', '11d75d71-885c-46e9-8ff7-f0dcc1f0b2e7');
INSERT INTO public.product_categories (product_id, category_id) VALUES ('79d5c90d-c103-436c-853d-1fd0c75854c4', '683559f6-8289-4616-9336-ed05c20bb0cd');
INSERT INTO public.product_categories (product_id, category_id) VALUES ('79d5c90d-c103-436c-853d-1fd0c75854c4', '9bc08729-dece-4d72-8287-9e007fdda875');


--
-- PostgreSQL database dump complete
--

